Date,Year,Month,Month Name,Month Short,Quarter,Day,Day of Week,Day Name,Week of Year,Is Weekend
2024-01-01,2024,1,January,Jan,Q1,1,0,Monday,1,False
2024-01-02,2024,1,January,Jan,Q1,2,1,Tuesday,1,False
2024-01-03,2024,1,January,Jan,Q1,3,2,Wednesday,1,False
2024-01-04,2024,1,January,Jan,Q1,4,3,Thursday,1,False
2024-01-05,2024,1,January,Jan,Q1,5,4,Friday,1,False
2024-01-06,2024,1,January,Jan,Q1,6,5,Saturday,1,True
2024-01-07,2024,1,January,Jan,Q1,7,6,Sunday,1,True
2024-01-08,2024,1,January,Jan,Q1,8,0,Monday,2,False
2024-01-09,2024,1,January,Jan,Q1,9,1,Tuesday,2,False
2024-01-10,2024,1,January,Jan,Q1,10,2,Wednesday,2,False
2024-01-11,2024,1,January,Jan,Q1,11,3,Thursday,2,False
2024-01-12,2024,1,January,Jan,Q1,12,4,Friday,2,False
2024-01-13,2024,1,January,Jan,Q1,13,5,Saturday,2,True
2024-01-14,2024,1,January,Jan,Q1,14,6,Sunday,2,True
2024-01-15,2024,1,January,Jan,Q1,15,0,Monday,3,False
2024-01-16,2024,1,January,Jan,Q1,16,1,Tuesday,3,False
2024-01-17,2024,1,January,Jan,Q1,17,2,Wednesday,3,False
2024-01-18,2024,1,January,Jan,Q1,18,3,Thursday,3,False
2024-01-19,2024,1,January,Jan,Q1,19,4,Friday,3,False
2024-01-20,2024,1,January,Jan,Q1,20,5,Saturday,3,True
2024-01-21,2024,1,January,Jan,Q1,21,6,Sunday,3,True
2024-01-22,2024,1,January,Jan,Q1,22,0,Monday,4,False
2024-01-23,2024,1,January,Jan,Q1,23,1,Tuesday,4,False
2024-01-24,2024,1,January,Jan,Q1,24,2,Wednesday,4,False
2024-01-25,2024,1,January,Jan,Q1,25,3,Thursday,4,False
2024-01-26,2024,1,January,Jan,Q1,26,4,Friday,4,False
2024-01-27,2024,1,January,Jan,Q1,27,5,Saturday,4,True
2024-01-28,2024,1,January,Jan,Q1,28,6,Sunday,4,True
2024-01-29,2024,1,January,Jan,Q1,29,0,Monday,5,False
2024-01-30,2024,1,January,Jan,Q1,30,1,Tuesday,5,False
2024-01-31,2024,1,January,Jan,Q1,31,2,Wednesday,5,False
2024-02-01,2024,2,February,Feb,Q1,1,3,Thursday,5,False
2024-02-02,2024,2,February,Feb,Q1,2,4,Friday,5,False
2024-02-03,2024,2,February,Feb,Q1,3,5,Saturday,5,True
2024-02-04,2024,2,February,Feb,Q1,4,6,Sunday,5,True
2024-02-05,2024,2,February,Feb,Q1,5,0,Monday,6,False
2024-02-06,2024,2,February,Feb,Q1,6,1,Tuesday,6,False
2024-02-07,2024,2,February,Feb,Q1,7,2,Wednesday,6,False
2024-02-08,2024,2,February,Feb,Q1,8,3,Thursday,6,False
2024-02-09,2024,2,February,Feb,Q1,9,4,Friday,6,False
2024-02-10,2024,2,February,Feb,Q1,10,5,Saturday,6,True
2024-02-11,2024,2,February,Feb,Q1,11,6,Sunday,6,True
2024-02-12,2024,2,February,Feb,Q1,12,0,Monday,7,False
2024-02-13,2024,2,February,Feb,Q1,13,1,Tuesday,7,False
2024-02-14,2024,2,February,Feb,Q1,14,2,Wednesday,7,False
2024-02-15,2024,2,February,Feb,Q1,15,3,Thursday,7,False
2024-02-16,2024,2,February,Feb,Q1,16,4,Friday,7,False
2024-02-17,2024,2,February,Feb,Q1,17,5,Saturday,7,True
2024-02-18,2024,2,February,Feb,Q1,18,6,Sunday,7,True
2024-02-19,2024,2,February,Feb,Q1,19,0,Monday,8,False
2024-02-20,2024,2,February,Feb,Q1,20,1,Tuesday,8,False
2024-02-21,2024,2,February,Feb,Q1,21,2,Wednesday,8,False
2024-02-22,2024,2,February,Feb,Q1,22,3,Thursday,8,False
2024-02-23,2024,2,February,Feb,Q1,23,4,Friday,8,False
2024-02-24,2024,2,February,Feb,Q1,24,5,Saturday,8,True
2024-02-25,2024,2,February,Feb,Q1,25,6,Sunday,8,True
2024-02-26,2024,2,February,Feb,Q1,26,0,Monday,9,False
2024-02-27,2024,2,February,Feb,Q1,27,1,Tuesday,9,False
2024-02-28,2024,2,February,Feb,Q1,28,2,Wednesday,9,False
2024-02-29,2024,2,February,Feb,Q1,29,3,Thursday,9,False
2024-03-01,2024,3,March,Mar,Q1,1,4,Friday,9,False
2024-03-02,2024,3,March,Mar,Q1,2,5,Saturday,9,True
2024-03-03,2024,3,March,Mar,Q1,3,6,Sunday,9,True
2024-03-04,2024,3,March,Mar,Q1,4,0,Monday,10,False
2024-03-05,2024,3,March,Mar,Q1,5,1,Tuesday,10,False
2024-03-06,2024,3,March,Mar,Q1,6,2,Wednesday,10,False
2024-03-07,2024,3,March,Mar,Q1,7,3,Thursday,10,False
2024-03-08,2024,3,March,Mar,Q1,8,4,Friday,10,False
2024-03-09,2024,3,March,Mar,Q1,9,5,Saturday,10,True
2024-03-10,2024,3,March,Mar,Q1,10,6,Sunday,10,True
2024-03-11,2024,3,March,Mar,Q1,11,0,Monday,11,False
2024-03-12,2024,3,March,Mar,Q1,12,1,Tuesday,11,False
2024-03-13,2024,3,March,Mar,Q1,13,2,Wednesday,11,False
2024-03-14,2024,3,March,Mar,Q1,14,3,Thursday,11,False
2024-03-15,2024,3,March,Mar,Q1,15,4,Friday,11,False
2024-03-16,2024,3,March,Mar,Q1,16,5,Saturday,11,True
2024-03-17,2024,3,March,Mar,Q1,17,6,Sunday,11,True
2024-03-18,2024,3,March,Mar,Q1,18,0,Monday,12,False
2024-03-19,2024,3,March,Mar,Q1,19,1,Tuesday,12,False
2024-03-20,2024,3,March,Mar,Q1,20,2,Wednesday,12,False
2024-03-21,2024,3,March,Mar,Q1,21,3,Thursday,12,False
2024-03-22,2024,3,March,Mar,Q1,22,4,Friday,12,False
2024-03-23,2024,3,March,Mar,Q1,23,5,Saturday,12,True
2024-03-24,2024,3,March,Mar,Q1,24,6,Sunday,12,True
2024-03-25,2024,3,March,Mar,Q1,25,0,Monday,13,False
2024-03-26,2024,3,March,Mar,Q1,26,1,Tuesday,13,False
2024-03-27,2024,3,March,Mar,Q1,27,2,Wednesday,13,False
2024-03-28,2024,3,March,Mar,Q1,28,3,Thursday,13,False
2024-03-29,2024,3,March,Mar,Q1,29,4,Friday,13,False
2024-03-30,2024,3,March,Mar,Q1,30,5,Saturday,13,True
2024-03-31,2024,3,March,Mar,Q1,31,6,Sunday,13,True
2024-04-01,2024,4,April,Apr,Q2,1,0,Monday,14,False
2024-04-02,2024,4,April,Apr,Q2,2,1,Tuesday,14,False
2024-04-03,2024,4,April,Apr,Q2,3,2,Wednesday,14,False
2024-04-04,2024,4,April,Apr,Q2,4,3,Thursday,14,False
2024-04-05,2024,4,April,Apr,Q2,5,4,Friday,14,False
2024-04-06,2024,4,April,Apr,Q2,6,5,Saturday,14,True
2024-04-07,2024,4,April,Apr,Q2,7,6,Sunday,14,True
2024-04-08,2024,4,April,Apr,Q2,8,0,Monday,15,False
2024-04-09,2024,4,April,Apr,Q2,9,1,Tuesday,15,False
2024-04-10,2024,4,April,Apr,Q2,10,2,Wednesday,15,False
2024-04-11,2024,4,April,Apr,Q2,11,3,Thursday,15,False
2024-04-12,2024,4,April,Apr,Q2,12,4,Friday,15,False
2024-04-13,2024,4,April,Apr,Q2,13,5,Saturday,15,True
2024-04-14,2024,4,April,Apr,Q2,14,6,Sunday,15,True
2024-04-15,2024,4,April,Apr,Q2,15,0,Monday,16,False
2024-04-16,2024,4,April,Apr,Q2,16,1,Tuesday,16,False
2024-04-17,2024,4,April,Apr,Q2,17,2,Wednesday,16,False
2024-04-18,2024,4,April,Apr,Q2,18,3,Thursday,16,False
2024-04-19,2024,4,April,Apr,Q2,19,4,Friday,16,False
2024-04-20,2024,4,April,Apr,Q2,20,5,Saturday,16,True
2024-04-21,2024,4,April,Apr,Q2,21,6,Sunday,16,True
2024-04-22,2024,4,April,Apr,Q2,22,0,Monday,17,False
2024-04-23,2024,4,April,Apr,Q2,23,1,Tuesday,17,False
2024-04-24,2024,4,April,Apr,Q2,24,2,Wednesday,17,False
2024-04-25,2024,4,April,Apr,Q2,25,3,Thursday,17,False
2024-04-26,2024,4,April,Apr,Q2,26,4,Friday,17,False
2024-04-27,2024,4,April,Apr,Q2,27,5,Saturday,17,True
2024-04-28,2024,4,April,Apr,Q2,28,6,Sunday,17,True
2024-04-29,2024,4,April,Apr,Q2,29,0,Monday,18,False
2024-04-30,2024,4,April,Apr,Q2,30,1,Tuesday,18,False
2024-05-01,2024,5,May,May,Q2,1,2,Wednesday,18,False
2024-05-02,2024,5,May,May,Q2,2,3,Thursday,18,False
2024-05-03,2024,5,May,May,Q2,3,4,Friday,18,False
2024-05-04,2024,5,May,May,Q2,4,5,Saturday,18,True
2024-05-05,2024,5,May,May,Q2,5,6,Sunday,18,True
2024-05-06,2024,5,May,May,Q2,6,0,Monday,19,False
2024-05-07,2024,5,May,May,Q2,7,1,Tuesday,19,False
2024-05-08,2024,5,May,May,Q2,8,2,Wednesday,19,False
2024-05-09,2024,5,May,May,Q2,9,3,Thursday,19,False
2024-05-10,2024,5,May,May,Q2,10,4,Friday,19,False
2024-05-11,2024,5,May,May,Q2,11,5,Saturday,19,True
2024-05-12,2024,5,May,May,Q2,12,6,Sunday,19,True
2024-05-13,2024,5,May,May,Q2,13,0,Monday,20,False
2024-05-14,2024,5,May,May,Q2,14,1,Tuesday,20,False
2024-05-15,2024,5,May,May,Q2,15,2,Wednesday,20,False
2024-05-16,2024,5,May,May,Q2,16,3,Thursday,20,False
2024-05-17,2024,5,May,May,Q2,17,4,Friday,20,False
2024-05-18,2024,5,May,May,Q2,18,5,Saturday,20,True
2024-05-19,2024,5,May,May,Q2,19,6,Sunday,20,True
2024-05-20,2024,5,May,May,Q2,20,0,Monday,21,False
2024-05-21,2024,5,May,May,Q2,21,1,Tuesday,21,False
2024-05-22,2024,5,May,May,Q2,22,2,Wednesday,21,False
2024-05-23,2024,5,May,May,Q2,23,3,Thursday,21,False
2024-05-24,2024,5,May,May,Q2,24,4,Friday,21,False
2024-05-25,2024,5,May,May,Q2,25,5,Saturday,21,True
2024-05-26,2024,5,May,May,Q2,26,6,Sunday,21,True
2024-05-27,2024,5,May,May,Q2,27,0,Monday,22,False
2024-05-28,2024,5,May,May,Q2,28,1,Tuesday,22,False
2024-05-29,2024,5,May,May,Q2,29,2,Wednesday,22,False
2024-05-30,2024,5,May,May,Q2,30,3,Thursday,22,False
2024-05-31,2024,5,May,May,Q2,31,4,Friday,22,False
2024-06-01,2024,6,June,Jun,Q2,1,5,Saturday,22,True
2024-06-02,2024,6,June,Jun,Q2,2,6,Sunday,22,True
2024-06-03,2024,6,June,Jun,Q2,3,0,Monday,23,False
2024-06-04,2024,6,June,Jun,Q2,4,1,Tuesday,23,False
2024-06-05,2024,6,June,Jun,Q2,5,2,Wednesday,23,False
2024-06-06,2024,6,June,Jun,Q2,6,3,Thursday,23,False
2024-06-07,2024,6,June,Jun,Q2,7,4,Friday,23,False
2024-06-08,2024,6,June,Jun,Q2,8,5,Saturday,23,True
2024-06-09,2024,6,June,Jun,Q2,9,6,Sunday,23,True
2024-06-10,2024,6,June,Jun,Q2,10,0,Monday,24,False
2024-06-11,2024,6,June,Jun,Q2,11,1,Tuesday,24,False
2024-06-12,2024,6,June,Jun,Q2,12,2,Wednesday,24,False
2024-06-13,2024,6,June,Jun,Q2,13,3,Thursday,24,False
2024-06-14,2024,6,June,Jun,Q2,14,4,Friday,24,False
2024-06-15,2024,6,June,Jun,Q2,15,5,Saturday,24,True
2024-06-16,2024,6,June,Jun,Q2,16,6,Sunday,24,True
2024-06-17,2024,6,June,Jun,Q2,17,0,Monday,25,False
2024-06-18,2024,6,June,Jun,Q2,18,1,Tuesday,25,False
2024-06-19,2024,6,June,Jun,Q2,19,2,Wednesday,25,False
2024-06-20,2024,6,June,Jun,Q2,20,3,Thursday,25,False
2024-06-21,2024,6,June,Jun,Q2,21,4,Friday,25,False
2024-06-22,2024,6,June,Jun,Q2,22,5,Saturday,25,True
2024-06-23,2024,6,June,Jun,Q2,23,6,Sunday,25,True
2024-06-24,2024,6,June,Jun,Q2,24,0,Monday,26,False
2024-06-25,2024,6,June,Jun,Q2,25,1,Tuesday,26,False
2024-06-26,2024,6,June,Jun,Q2,26,2,Wednesday,26,False
2024-06-27,2024,6,June,Jun,Q2,27,3,Thursday,26,False
2024-06-28,2024,6,June,Jun,Q2,28,4,Friday,26,False
2024-06-29,2024,6,June,Jun,Q2,29,5,Saturday,26,True
2024-06-30,2024,6,June,Jun,Q2,30,6,Sunday,26,True
2024-07-01,2024,7,July,Jul,Q3,1,0,Monday,27,False
2024-07-02,2024,7,July,Jul,Q3,2,1,Tuesday,27,False
2024-07-03,2024,7,July,Jul,Q3,3,2,Wednesday,27,False
2024-07-04,2024,7,July,Jul,Q3,4,3,Thursday,27,False
2024-07-05,2024,7,July,Jul,Q3,5,4,Friday,27,False
2024-07-06,2024,7,July,Jul,Q3,6,5,Saturday,27,True
2024-07-07,2024,7,July,Jul,Q3,7,6,Sunday,27,True
2024-07-08,2024,7,July,Jul,Q3,8,0,Monday,28,False
2024-07-09,2024,7,July,Jul,Q3,9,1,Tuesday,28,False
2024-07-10,2024,7,July,Jul,Q3,10,2,Wednesday,28,False
2024-07-11,2024,7,July,Jul,Q3,11,3,Thursday,28,False
2024-07-12,2024,7,July,Jul,Q3,12,4,Friday,28,False
2024-07-13,2024,7,July,Jul,Q3,13,5,Saturday,28,True
2024-07-14,2024,7,July,Jul,Q3,14,6,Sunday,28,True
2024-07-15,2024,7,July,Jul,Q3,15,0,Monday,29,False
2024-07-16,2024,7,July,Jul,Q3,16,1,Tuesday,29,False
2024-07-17,2024,7,July,Jul,Q3,17,2,Wednesday,29,False
2024-07-18,2024,7,July,Jul,Q3,18,3,Thursday,29,False
2024-07-19,2024,7,July,Jul,Q3,19,4,Friday,29,False
2024-07-20,2024,7,July,Jul,Q3,20,5,Saturday,29,True
2024-07-21,2024,7,July,Jul,Q3,21,6,Sunday,29,True
2024-07-22,2024,7,July,Jul,Q3,22,0,Monday,30,False
2024-07-23,2024,7,July,Jul,Q3,23,1,Tuesday,30,False
2024-07-24,2024,7,July,Jul,Q3,24,2,Wednesday,30,False
2024-07-25,2024,7,July,Jul,Q3,25,3,Thursday,30,False
2024-07-26,2024,7,July,Jul,Q3,26,4,Friday,30,False
2024-07-27,2024,7,July,Jul,Q3,27,5,Saturday,30,True
2024-07-28,2024,7,July,Jul,Q3,28,6,Sunday,30,True
2024-07-29,2024,7,July,Jul,Q3,29,0,Monday,31,False
2024-07-30,2024,7,July,Jul,Q3,30,1,Tuesday,31,False
2024-07-31,2024,7,July,Jul,Q3,31,2,Wednesday,31,False
2024-08-01,2024,8,August,Aug,Q3,1,3,Thursday,31,False
2024-08-02,2024,8,August,Aug,Q3,2,4,Friday,31,False
2024-08-03,2024,8,August,Aug,Q3,3,5,Saturday,31,True
2024-08-04,2024,8,August,Aug,Q3,4,6,Sunday,31,True
2024-08-05,2024,8,August,Aug,Q3,5,0,Monday,32,False
2024-08-06,2024,8,August,Aug,Q3,6,1,Tuesday,32,False
2024-08-07,2024,8,August,Aug,Q3,7,2,Wednesday,32,False
2024-08-08,2024,8,August,Aug,Q3,8,3,Thursday,32,False
2024-08-09,2024,8,August,Aug,Q3,9,4,Friday,32,False
2024-08-10,2024,8,August,Aug,Q3,10,5,Saturday,32,True
2024-08-11,2024,8,August,Aug,Q3,11,6,Sunday,32,True
2024-08-12,2024,8,August,Aug,Q3,12,0,Monday,33,False
2024-08-13,2024,8,August,Aug,Q3,13,1,Tuesday,33,False
2024-08-14,2024,8,August,Aug,Q3,14,2,Wednesday,33,False
2024-08-15,2024,8,August,Aug,Q3,15,3,Thursday,33,False
2024-08-16,2024,8,August,Aug,Q3,16,4,Friday,33,False
2024-08-17,2024,8,August,Aug,Q3,17,5,Saturday,33,True
2024-08-18,2024,8,August,Aug,Q3,18,6,Sunday,33,True
2024-08-19,2024,8,August,Aug,Q3,19,0,Monday,34,False
2024-08-20,2024,8,August,Aug,Q3,20,1,Tuesday,34,False
2024-08-21,2024,8,August,Aug,Q3,21,2,Wednesday,34,False
2024-08-22,2024,8,August,Aug,Q3,22,3,Thursday,34,False
2024-08-23,2024,8,August,Aug,Q3,23,4,Friday,34,False
2024-08-24,2024,8,August,Aug,Q3,24,5,Saturday,34,True
2024-08-25,2024,8,August,Aug,Q3,25,6,Sunday,34,True
2024-08-26,2024,8,August,Aug,Q3,26,0,Monday,35,False
2024-08-27,2024,8,August,Aug,Q3,27,1,Tuesday,35,False
2024-08-28,2024,8,August,Aug,Q3,28,2,Wednesday,35,False
2024-08-29,2024,8,August,Aug,Q3,29,3,Thursday,35,False
2024-08-30,2024,8,August,Aug,Q3,30,4,Friday,35,False
2024-08-31,2024,8,August,Aug,Q3,31,5,Saturday,35,True
2024-09-01,2024,9,September,Sep,Q3,1,6,Sunday,35,True
2024-09-02,2024,9,September,Sep,Q3,2,0,Monday,36,False
2024-09-03,2024,9,September,Sep,Q3,3,1,Tuesday,36,False
2024-09-04,2024,9,September,Sep,Q3,4,2,Wednesday,36,False
2024-09-05,2024,9,September,Sep,Q3,5,3,Thursday,36,False
2024-09-06,2024,9,September,Sep,Q3,6,4,Friday,36,False
2024-09-07,2024,9,September,Sep,Q3,7,5,Saturday,36,True
2024-09-08,2024,9,September,Sep,Q3,8,6,Sunday,36,True
2024-09-09,2024,9,September,Sep,Q3,9,0,Monday,37,False
2024-09-10,2024,9,September,Sep,Q3,10,1,Tuesday,37,False
2024-09-11,2024,9,September,Sep,Q3,11,2,Wednesday,37,False
2024-09-12,2024,9,September,Sep,Q3,12,3,Thursday,37,False
2024-09-13,2024,9,September,Sep,Q3,13,4,Friday,37,False
2024-09-14,2024,9,September,Sep,Q3,14,5,Saturday,37,True
2024-09-15,2024,9,September,Sep,Q3,15,6,Sunday,37,True
2024-09-16,2024,9,September,Sep,Q3,16,0,Monday,38,False
2024-09-17,2024,9,September,Sep,Q3,17,1,Tuesday,38,False
2024-09-18,2024,9,September,Sep,Q3,18,2,Wednesday,38,False
2024-09-19,2024,9,September,Sep,Q3,19,3,Thursday,38,False
2024-09-20,2024,9,September,Sep,Q3,20,4,Friday,38,False
2024-09-21,2024,9,September,Sep,Q3,21,5,Saturday,38,True
2024-09-22,2024,9,September,Sep,Q3,22,6,Sunday,38,True
2024-09-23,2024,9,September,Sep,Q3,23,0,Monday,39,False
2024-09-24,2024,9,September,Sep,Q3,24,1,Tuesday,39,False
2024-09-25,2024,9,September,Sep,Q3,25,2,Wednesday,39,False
2024-09-26,2024,9,September,Sep,Q3,26,3,Thursday,39,False
2024-09-27,2024,9,September,Sep,Q3,27,4,Friday,39,False
2024-09-28,2024,9,September,Sep,Q3,28,5,Saturday,39,True
2024-09-29,2024,9,September,Sep,Q3,29,6,Sunday,39,True
2024-09-30,2024,9,September,Sep,Q3,30,0,Monday,40,False
2024-10-01,2024,10,October,Oct,Q4,1,1,Tuesday,40,False
2024-10-02,2024,10,October,Oct,Q4,2,2,Wednesday,40,False
2024-10-03,2024,10,October,Oct,Q4,3,3,Thursday,40,False
2024-10-04,2024,10,October,Oct,Q4,4,4,Friday,40,False
2024-10-05,2024,10,October,Oct,Q4,5,5,Saturday,40,True
2024-10-06,2024,10,October,Oct,Q4,6,6,Sunday,40,True
2024-10-07,2024,10,October,Oct,Q4,7,0,Monday,41,False
2024-10-08,2024,10,October,Oct,Q4,8,1,Tuesday,41,False
2024-10-09,2024,10,October,Oct,Q4,9,2,Wednesday,41,False
2024-10-10,2024,10,October,Oct,Q4,10,3,Thursday,41,False
2024-10-11,2024,10,October,Oct,Q4,11,4,Friday,41,False
2024-10-12,2024,10,October,Oct,Q4,12,5,Saturday,41,True
2024-10-13,2024,10,October,Oct,Q4,13,6,Sunday,41,True
2024-10-14,2024,10,October,Oct,Q4,14,0,Monday,42,False
2024-10-15,2024,10,October,Oct,Q4,15,1,Tuesday,42,False
2024-10-16,2024,10,October,Oct,Q4,16,2,Wednesday,42,False
2024-10-17,2024,10,October,Oct,Q4,17,3,Thursday,42,False
2024-10-18,2024,10,October,Oct,Q4,18,4,Friday,42,False
2024-10-19,2024,10,October,Oct,Q4,19,5,Saturday,42,True
2024-10-20,2024,10,October,Oct,Q4,20,6,Sunday,42,True
2024-10-21,2024,10,October,Oct,Q4,21,0,Monday,43,False
2024-10-22,2024,10,October,Oct,Q4,22,1,Tuesday,43,False
2024-10-23,2024,10,October,Oct,Q4,23,2,Wednesday,43,False
2024-10-24,2024,10,October,Oct,Q4,24,3,Thursday,43,False
2024-10-25,2024,10,October,Oct,Q4,25,4,Friday,43,False
2024-10-26,2024,10,October,Oct,Q4,26,5,Saturday,43,True
2024-10-27,2024,10,October,Oct,Q4,27,6,Sunday,43,True
2024-10-28,2024,10,October,Oct,Q4,28,0,Monday,44,False
2024-10-29,2024,10,October,Oct,Q4,29,1,Tuesday,44,False
2024-10-30,2024,10,October,Oct,Q4,30,2,Wednesday,44,False
2024-10-31,2024,10,October,Oct,Q4,31,3,Thursday,44,False
2024-11-01,2024,11,November,Nov,Q4,1,4,Friday,44,False
2024-11-02,2024,11,November,Nov,Q4,2,5,Saturday,44,True
2024-11-03,2024,11,November,Nov,Q4,3,6,Sunday,44,True
2024-11-04,2024,11,November,Nov,Q4,4,0,Monday,45,False
2024-11-05,2024,11,November,Nov,Q4,5,1,Tuesday,45,False
2024-11-06,2024,11,November,Nov,Q4,6,2,Wednesday,45,False
2024-11-07,2024,11,November,Nov,Q4,7,3,Thursday,45,False
2024-11-08,2024,11,November,Nov,Q4,8,4,Friday,45,False
2024-11-09,2024,11,November,Nov,Q4,9,5,Saturday,45,True
2024-11-10,2024,11,November,Nov,Q4,10,6,Sunday,45,True
2024-11-11,2024,11,November,Nov,Q4,11,0,Monday,46,False
2024-11-12,2024,11,November,Nov,Q4,12,1,Tuesday,46,False
2024-11-13,2024,11,November,Nov,Q4,13,2,Wednesday,46,False
2024-11-14,2024,11,November,Nov,Q4,14,3,Thursday,46,False
2024-11-15,2024,11,November,Nov,Q4,15,4,Friday,46,False
2024-11-16,2024,11,November,Nov,Q4,16,5,Saturday,46,True
2024-11-17,2024,11,November,Nov,Q4,17,6,Sunday,46,True
2024-11-18,2024,11,November,Nov,Q4,18,0,Monday,47,False
2024-11-19,2024,11,November,Nov,Q4,19,1,Tuesday,47,False
2024-11-20,2024,11,November,Nov,Q4,20,2,Wednesday,47,False
2024-11-21,2024,11,November,Nov,Q4,21,3,Thursday,47,False
2024-11-22,2024,11,November,Nov,Q4,22,4,Friday,47,False
2024-11-23,2024,11,November,Nov,Q4,23,5,Saturday,47,True
2024-11-24,2024,11,November,Nov,Q4,24,6,Sunday,47,True
2024-11-25,2024,11,November,Nov,Q4,25,0,Monday,48,False
2024-11-26,2024,11,November,Nov,Q4,26,1,Tuesday,48,False
2024-11-27,2024,11,November,Nov,Q4,27,2,Wednesday,48,False
2024-11-28,2024,11,November,Nov,Q4,28,3,Thursday,48,False
2024-11-29,2024,11,November,Nov,Q4,29,4,Friday,48,False
2024-11-30,2024,11,November,Nov,Q4,30,5,Saturday,48,True
2024-12-01,2024,12,December,Dec,Q4,1,6,Sunday,48,True
2024-12-02,2024,12,December,Dec,Q4,2,0,Monday,49,False
2024-12-03,2024,12,December,Dec,Q4,3,1,Tuesday,49,False
2024-12-04,2024,12,December,Dec,Q4,4,2,Wednesday,49,False
2024-12-05,2024,12,December,Dec,Q4,5,3,Thursday,49,False
2024-12-06,2024,12,December,Dec,Q4,6,4,Friday,49,False
2024-12-07,2024,12,December,Dec,Q4,7,5,Saturday,49,True
2024-12-08,2024,12,December,Dec,Q4,8,6,Sunday,49,True
2024-12-09,2024,12,December,Dec,Q4,9,0,Monday,50,False
2024-12-10,2024,12,December,Dec,Q4,10,1,Tuesday,50,False
2024-12-11,2024,12,December,Dec,Q4,11,2,Wednesday,50,False
2024-12-12,2024,12,December,Dec,Q4,12,3,Thursday,50,False
2024-12-13,2024,12,December,Dec,Q4,13,4,Friday,50,False
2024-12-14,2024,12,December,Dec,Q4,14,5,Saturday,50,True
2024-12-15,2024,12,December,Dec,Q4,15,6,Sunday,50,True
2024-12-16,2024,12,December,Dec,Q4,16,0,Monday,51,False
2024-12-17,2024,12,December,Dec,Q4,17,1,Tuesday,51,False
2024-12-18,2024,12,December,Dec,Q4,18,2,Wednesday,51,False
2024-12-19,2024,12,December,Dec,Q4,19,3,Thursday,51,False
2024-12-20,2024,12,December,Dec,Q4,20,4,Friday,51,False
2024-12-21,2024,12,December,Dec,Q4,21,5,Saturday,51,True
2024-12-22,2024,12,December,Dec,Q4,22,6,Sunday,51,True
2024-12-23,2024,12,December,Dec,Q4,23,0,Monday,52,False
2024-12-24,2024,12,December,Dec,Q4,24,1,Tuesday,52,False
2024-12-25,2024,12,December,Dec,Q4,25,2,Wednesday,52,False
2024-12-26,2024,12,December,Dec,Q4,26,3,Thursday,52,False
2024-12-27,2024,12,December,Dec,Q4,27,4,Friday,52,False
2024-12-28,2024,12,December,Dec,Q4,28,5,Saturday,52,True
2024-12-29,2024,12,December,Dec,Q4,29,6,Sunday,52,True
2024-12-30,2024,12,December,Dec,Q4,30,0,Monday,1,False
2024-12-31,2024,12,December,Dec,Q4,31,1,Tuesday,1,False
